Workbook

Sheet Riepilogo
A1: RIEPILOGO GENERALE
A2: Aggiornato automaticamente in base ai dati inseriti nelle altre schede
A4: Numero clienti in anagrafica | B4: =COUNTA(Clienti!A5:A1000)
A5: Totale importi dovuti (periodo corrente) | B5: =SUM(Clienti!F5:F1000)
A6: Totale acconti versati | B6: =SUM(Clienti!J5:J1000)
A7: Totale insoluti aperti | B7: =SUMIF(Insoluti!G5:G5000,"Aperto",Insoluti!E5:E5000)
A8: Saldo residuo complessivo | B8: =SUM(Clienti!L5:L1000)
A9: Numero clienti con insoluti aperti | B9: =COUNTIF(Insoluti!G5:G5000,"Aperto")
A10: % incassato sul dovuto | B10: =IFERROR(SUM(Clienti!J5:J1000)/SUM(Clienti!F5:F1000),0)
A13: LEGENDA
B14: Cella da compilare manualmente
B15: Cella calcolata automaticamente (non modificare)
B16: Segnalazione insoluto / ritardo
A18: COME FUNZIONA IL FILE
A19: 1) Foglio 'Clienti': anagrafica dei clienti (l'app la compila da sola). Compila Importo Dovuto, Modalità e Periodicità di Pagamento, Periodo di Fatturazione e Note per ogni cliente.
A20: 2) Foglio 'Acconti': ogni volta che un cliente versa un acconto, aggiungi una riga con data, codice cliente e importo: si aggiorna da solo nel foglio Clienti.
A21: 3) Foglio 'Insoluti': se un pagamento non arriva, registra qui il codice cliente, il periodo e l'importo non pagato: i giorni di ritardo si calcolano da soli.
A22: 4) Aggiorna il 'Periodo di Fatturazione' nel foglio Clienti ogni mese o trimestre a seconda della periodicità del cliente.
A23: 5) Il foglio 'Riepilogo' mostra i totali aggiornati in automatico: nessun calcolo manuale da fare.

Sheet Clienti
A1: GESTIONE PAGAMENTI CLIENTI — ANAGRAFICA E CONDIZIONI
A2: Celle gialle = da compilare manualmente | Celle verdi = calcolate automaticamente
A4: Codice | B4: Ragione Sociale | C4: Nome | D4: Partita IVA | E4: Codice Fiscale | F4: Importo Dovuto (per periodo) € | G4: Modalità di Pagamento | H4: Periodicità Pagamento | I4: Periodo di Fatturazione | J4: Acconti Versati € | K4: Insoluti € | L4: Saldo Residuo € | M4: Note

Sheet Acconti
A1: REGISTRO ACCONTI VERSATI
A2: Inserire un acconto per riga. Il codice cliente richiama automaticamente la ragione sociale.
A4: Data Versamento | B4: Codice Cliente | C4: Ragione Sociale (automatico) | D4: Importo Acconto € | E4: Modalità di Pagamento | F4: Periodo di Fatturazione | G4: Note
C5: =IF($B5="","",IFERROR(INDEX(Clienti!$B:$B,MATCH($B5,Clienti!$A:$A,0)),"Codice non trovato"))
C6: =IF($B6="","",IFERROR(INDEX(Clienti!$B:$B,MATCH($B6,Clienti!$A:$A,0)),"Codice non trovato"))
C7: =IF($B7="","",IFERROR(INDEX(Clienti!$B:$B,MATCH($B7,Clienti!$A:$A,0)),"Codice non trovato"))
C8: =IF($B8="","",IFERROR(INDEX(Clienti!$B:$B,MATCH($B8,Clienti!$A:$A,0)),"Codice non trovato"))
C9: =IF($B9="","",IFERROR(INDEX(Clienti!$B:$B,MATCH($B9,Clienti!$A:$A,0)),"Codice non trovato"))
C10: =IF($B10="","",IFERROR(INDEX(Clienti!$B:$B,MATCH($B10,Clienti!$A:$A,0)),"Codice non trovato"))
C11: =IF($B11="","",IFERROR(INDEX(Clienti!$B:$B,MATCH($B11,Clienti!$A:$A,0)),"Codice non trovato"))
C12: =IF($B12="","",IFERROR(INDEX(Clienti!$B:$B,MATCH($B12,Clienti!$A:$A,0)),"Codice non trovato"))
C13: =IF($B13="","",IFERROR(INDEX(Clienti!$B:$B,MATCH($B13,Clienti!$A:$A,0)),"Codice non trovato"))
C14: =IF($B14="","",IFERROR(INDEX(Clienti!$B:$B,MATCH($B14,Clienti!$A:$A,0)),"Codice non trovato"))
C15: =IF($B15="","",IFERROR(INDEX(Clienti!$B:$B,MATCH($B15,Clienti!$A:$A,0)),"Codice non trovato"))
C16: =IF($B16="","",IFERROR(INDEX(Clienti!$B:$B,MATCH($B16,Clienti!$A:$A,0)),"Codice non trovato"))
... C500: =IF($B500="","",IFERROR(INDEX(Clienti!$B:$B,MATCH($B500,Clienti!$A:$A,0)),"Codice non trovato"))
C502: TOTALE ACCONTI:

Sheet Insoluti
A1: REGISTRO INSOLUTI
A2: Inserire un insoluto per riga. I giorni di ritardo si aggiornano automaticamente rispetto a oggi.
A4: Codice Cliente | B4: Ragione Sociale (automatico) | C4: Periodo di Fatturazione | D4: Data Scadenza | E4: Importo Insoluto € | F4: Giorni di Ritardo | G4: Stato | H4: Note
B5: =IF($A5="","",IFERROR(INDEX(Clienti!$B:$B,MATCH($A5,Clienti!$A:$A,0)),"Codice non trovato")) | F5: =IF(OR($A5="",$D5=""),"",TODAY()-$D5) | G5: =IF($A5="","",IF($E5=0,"Saldato","Aperto"))
B6: =IF($A6="","",IFERROR(INDEX(Clienti!$B:$B,MATCH($A6,Clienti!$A:$A,0)),"Codice non trovato")) | F6: =IF(OR($A6="",$D6=""),"",TODAY()-$D6) | G6: =IF($A6="","",IF($E6=0,"Saldato","Aperto"))
B7: =IF($A7="","",IFERROR(INDEX(Clienti!$B:$B,MATCH($A7,Clienti!$A:$A,0)),"Codice non trovato")) | F7: =IF(OR($A7="",$D7=""),"",TODAY()-$D7) | G7: =IF($A7="","",IF($E7=0,"Saldato","Aperto"))
B8: =IF($A8="","",IFERROR(INDEX(Clienti!$B:$B,MATCH($A8,Clienti!$A:$A,0)),"Codice non trovato")) | F8: =IF(OR($A8="",$D8=""),"",TODAY()-$D8) | G8: =IF($A8="","",IF($E8=0,"Saldato","Aperto"))
B9: =IF($A9="","",IFERROR(INDEX(Clienti!$B:$B,MATCH($A9,Clienti!$A:$A,0)),"Codice non trovato")) | F9: =IF(OR($A9="",$D9=""),"",TODAY()-$D9) | G9: =IF($A9="","",IF($E9=0,"Saldato","Aperto"))
B10: =IF($A10="","",IFERROR(INDEX(Clienti!$B:$B,MATCH($A10,Clienti!$A:$A,0)),"Codice non trovato")) | F10: =IF(OR($A10="",$D10=""),"",TODAY()-$D10) | G10: =IF($A10="","",IF($E10=0,"Saldato","Aperto"))
B11: =IF($A11="","",IFERROR(INDEX(Clienti!$B:$B,MATCH($A11,Clienti!$A:$A,0)),"Codice non trovato")) | F11: =IF(OR($A11="",$D11=""),"",TODAY()-$D11) | G11: =IF($A11="","",IF($E11=0,"Saldato","Aperto"))
B12: =IF($A12="","",IFERROR(INDEX(Clienti!$B:$B,MATCH($A12,Clienti!$A:$A,0)),"Codice non trovato")) | F12: =IF(OR($A12="",$D12=""),"",TODAY()-$D12) | G12: =IF($A12="","",IF($E12=0,"Saldato","Aperto"))
B13: =IF($A13="","",IFERROR(INDEX(Clienti!$B:$B,MATCH($A13,Clienti!$A:$A,0)),"Codice non trovato")) | F13: =IF(OR($A13="",$D13=""),"",TODAY()-$D13) | G13: =IF($A13="","",IF($E13=0,"Saldato","Aperto"))
B14: =IF($A14="","",IFERROR(INDEX(Clienti!$B:$B,MATCH($A14,Clienti!$A:$A,0)),"Codice non trovato")) | F14: =IF(OR($A14="",$D14=""),"",TODAY()-$D14) | G14: =IF($A14="","",IF($E14=0,"Saldato","Aperto"))
B15: =IF($A15="","",IFERROR(INDEX(Clienti!$B:$B,MATCH($A15,Clienti!$A:$A,0)),"Codice non trovato")) | F15: =IF(OR($A15="",$D15=""),"",TODAY()-$D15) | G15: =IF($A15="","",IF($E15=0,"Saldato","Aperto"))
B16: =IF($A16="","",IFERROR(INDEX(Clienti!$B:$B,MATCH($A16,Clienti!$A:$A,0)),"Codice non trovato")) | F16: =IF(OR($A16="",$D16=""),"",TODAY()-$D16) | G16: =IF($A16="","",IF($E16=0,"Saldato","Aperto"))
... B500: =IF($A500="","",IFERROR(INDEX(Clienti!$B:$B,MATCH($A500,Clienti!$A:$A,0)),"Codice non trovato")) | F500: =IF(OR($A500="",$D500=""),"",TODAY()-$D500) | G500: =IF($A500="","",IF($E500=0,"Saldato","Aperto"))
